"username","Track URI","Track Name","Artist URI(s)","Artist Name(s)","Album URI","Album Name","Album Artist URI(s)","Album Artist Name(s)","Album Release Date","Album Image URL","Disc Number","Track Number","Track Duration (ms)","Track Preview URL","Explicit","Popularity","ISRC","Added By","Added At","Artist Genres","Danceability","Energy","Key","Loudness","Mode","Speechiness","Acousticness","Instrumentalness","Liveness","Valence","Tempo","Time Signature","Album Genres","Label","Copyrights"
"angelo","spotify:track:4NVNapccSX7E5JLiW0uQEy","Pound Cake / Paris Morton Music 2","spotify:artist:3TVXtAsR1Inumwj472S9r4, spotify:artist:3nFkdlSjzX9mRTtwJOzDYB","Drake, JAY-Z","spotify:album:1XslIirSxfAhhxRdn4Li9t","Nothing Was The Same","spotify:artist:3TVXtAsR1Inumwj472S9r4","Drake","2013-01-01","https://i.scdn.co/image/ab67616d0000b273a90d170c61fb7d063d47161d","1","13","432853","https://p.scdn.co/mp3-preview/44e1e2cb4bba1d2dade08d57216959e827f4c79d?cid=9950ac751e34487dbbe027c4fd7f8e99","true","65","USCM51300754","spotify:user:angelolicini","2021-05-23T04:51:34Z","canadian hip hop,canadian pop,hip hop,pop rap,rap,east coast hip hop,gangster rap,hip hop,pop rap,rap","0.52","0.761","2","-6.75","1","0.536","0.139","0.0000113","0.114","0.264","164.083","4","","Cash Money Records/Young Money Ent./Universal Rec.","C © 2013 Cash Money Records Inc., P ℗ 2013 Cash Money Records Inc."
"angelo","spotify:track:3s7MCdXyWmwjdcWh7GWXas","Violent Crimes","spotify:artist:5K4W6rqBFWDnAN6FQUkS6x","Kanye West","spotify:album:2Ek1q2haOnxVqhvVKqMvJe","ye","spotify:artist:5K4W6rqBFWDnAN6FQUkS6x","Kanye West","2018-06-01","https://i.scdn.co/image/ab67616d0000b2730cd942c1a864afa4e92d04f2","1","7","215320","https://p.scdn.co/mp3-preview/46bee66e9e81c3a3784069ba2fd9d2d24772760b?cid=9950ac751e34487dbbe027c4fd7f8e99","true","84","USUM71807795","spotify:user:angelolicini","2021-05-23T04:51:23Z","chicago rap,hip hop,rap","0.669","0.419","1","-6.724","0","0.522","0.376","0","0.187","0.0397","109.813","4","","Getting Out Our Dreams, Inc./Def Jam Recordings","C © 2018 Getting Out Our Dreams II, LLC Distributed By Def Jam, A Division of UMG Recordings, Inc., P ℗ 2018 Getting Out Our Dreams II, LLC Distributed By Def Jam, A Division of UMG Recordings, Inc."
"angelo","spotify:track:5D2mYZuzcgjpchVY1pmTPh","Candy Shop","spotify:artist:3q7HBObVc0L8jNeTe5Gofh, spotify:artist:5YBSzuCs7WaFKNr7Bky0Uf","50 Cent, Olivia","spotify:album:2pidzXTaHV4WaIJYRxKDCH","The Massacre","spotify:artist:3q7HBObVc0L8jNeTe5Gofh","50 Cent","2005-03-03","https://i.scdn.co/image/ab67616d0000b27391f7222996c531b981e7bb3d","1","7","209106","https://p.scdn.co/mp3-preview/b92617a6011fe70dc2d7b20e47ffb843d1bcdd73?cid=9950ac751e34487dbbe027c4fd7f8e99","true","82","USIR10500072","spotify:user:angelolicini","2021-05-23T04:51:54Z","east coast hip hop,gangster rap,hip hop,pop rap,queens hip hop,rap","0.614","0.574","11","-7.961","1","0.466","0.0253","0.000032","0.38","0.755","125.173","5","","Aftermath/Shady","C © 2004 Shady Records/Aftermath Records/Interscope Records, P ℗ 2004 Shady Records/Aftermath Records/Interscope Records"
"angelo","spotify:track:4RY96Asd9IefaL3X4LOLZ8","In Da Club","spotify:artist:3q7HBObVc0L8jNeTe5Gofh","50 Cent","spotify:album:4ycNE7y1rp5215g1kkqk1P","Get Rich Or Die Tryin'","spotify:artist:3q7HBObVc0L8jNeTe5Gofh","50 Cent","2003-02-06","https://i.scdn.co/image/ab67616d0000b273f7f74100d5cc850e01172cbf","1","5","193466","https://p.scdn.co/mp3-preview/c2905c98bb694c479e6f0b5c0376b2242971d041?cid=9950ac751e34487dbbe027c4fd7f8e99","true","76","USIR10300033","spotify:user:angelolicini","2021-05-23T04:51:58Z","east coast hip hop,gangster rap,hip hop,pop rap,queens hip hop,rap","0.902","0.72","6","-2.776","0","0.347","0.26","0","0.0749","0.805","90.059","4","","Shady Records","C © 2003 Shady Records/Aftermath Records/Interscope Records, P ℗ 2003 Shady Records/Aftermath Records/Interscope Records"
"angelo","spotify:track:1m14pmtptcjM7mdWyJyAoc","Many Men (Wish Death)","spotify:artist:3q7HBObVc0L8jNeTe5Gofh","50 Cent","spotify:album:0OfzVAXf5aVP4W4NIOLTKj","Get Rich Or Die Tryin'","spotify:artist:3q7HBObVc0L8jNeTe5Gofh","50 Cent","2003-02-06","https://i.scdn.co/image/ab67616d0000b2734c88e268c9dc19f79ccdbb97","1","4","256226","https://p.scdn.co/mp3-preview/286d7529f799f0b180c80c37635fb4d1fffbe749?cid=9950ac751e34487dbbe027c4fd7f8e99","true","53","USIR10300018","spotify:user:angelolicini","2021-05-23T04:52:08Z","east coast hip hop,gangster rap,hip hop,pop rap,queens hip hop,rap","0.653","0.826","6","-2.93","0","0.354","0.0153","0.00146","0.131","0.416","108.52","5","","Shady Records","C © 2007 Shady Records/Aftermath Records/Interscope Records, P ℗ 2007 Shady Records/Aftermath Records/Interscope Records"
"angelo","spotify:track:2c5Isyd07hWsl7AQia2Dig","Fast Lane","spotify:artist:77IURH5NC56Jn09QHi76is","Bad Meets Evil","spotify:album:5abCMGtyHwpOr9cEbwfP1P","Hell: The Sequel (Deluxe)","spotify:artist:77IURH5NC56Jn09QHi76is","Bad Meets Evil","2011-01-01","https://i.scdn.co/image/ab67616d0000b27359a1132f3cab22f80b2d2777","1","2","249560","https://p.scdn.co/mp3-preview/59907257584dce543ff2939205a328318adad1be?cid=9950ac751e34487dbbe027c4fd7f8e99","true","72","USUM71105406","spotify:user:angelolicini","2021-05-23T04:52:24Z","detroit hip hop","0.615","0.871","1","-3.804","1","0.281","0.0388","0","0.246","0.338","119.149","5","","Shady Records","C © 2011 Shady Records/Interscope Records, P ℗ 2011 Shady Records/Interscope Records"
"angelo","spotify:track:1ofhfV90EnYhEr7Un2fWiv","Changes","spotify:artist:1ZwdS5xdxEREPySFridCfh, spotify:artist:33JfM2NgTRFT9wMoQvcv6T","2Pac, Talent","spotify:album:1WBZyULtlANBKed7Zf9cDP","Greatest Hits","spotify:artist:1ZwdS5xdxEREPySFridCfh","2Pac","1998-01-01","https://i.scdn.co/image/ab67616d0000b273d81a092eb373ded457d94eec","2","5","268826","https://p.scdn.co/mp3-preview/74d3075346200319e853ce23a115382514a693d6?cid=9950ac751e34487dbbe027c4fd7f8e99","true","77","USIR10110269","spotify:user:angelolicini","2021-05-23T04:52:51Z","g funk,gangster rap,hip hop,rap,west coast rap","0.865","0.665","7","-6.289","1","0.073","0.0453","0","0.224","0.331","111.113","4","","2Pac Greatest Hits","C © 1998 Death Row Records/Interscope Records, P This Compilation ℗ 1998 Death Row Records/Interscope Records"
"angelo","spotify:track:5NQbUaeTEOGdD6hHcre0dZ","679 (feat. Remy Boyz)","spotify:artist:6PXS4YHDkKvl1wkIl4V8DL, spotify:artist:2s0yxtiHiyGe6CY4mbDYFi","Fetty Wap, Remy Boyz","spotify:album:0TyDTzG2zt2tg0wONT9wSU","679 (feat. Remy Boyz)","spotify:artist:6PXS4YHDkKvl1wkIl4V8DL","Fetty Wap","2015-06-29","https://i.scdn.co/image/ab67616d0000b2731769fa68b9643ca67c4d44ce","1","1","196693","https://p.scdn.co/mp3-preview/a5e4cc1818969ad61ef99074c0dc821493b16b46?cid=9950ac751e34487dbbe027c4fd7f8e99","true","78","QMCE31500250","spotify:user:angelolicini","2021-05-23T04:53:13Z","new jersey rap,pop rap,rap,southern hip hop,trap","0.618","0.717","7","-5.738","1","0.318","0.00256","0","0.625","0.603","190.05","4","","300 Entertainment/RGF Productions","C © 2015 300 Entertainment/RGF Productions, P ℗ 2015 300 Entertainment/RGF Productions"
"angelo","spotify:track:2d8JP84HNLKhmd6IYOoupQ","Trap Queen","spotify:artist:6PXS4YHDkKvl1wkIl4V8DL","Fetty Wap","spotify:album:2gKQvajkEEaDtkqJ8FJ4uw","Fetty Wap (Deluxe)","spotify:artist:6PXS4YHDkKvl1wkIl4V8DL","Fetty Wap","2015-09-25","https://i.scdn.co/image/ab67616d0000b273de6bd09b07e2b4af4e409f6c","1","1","222093","https://p.scdn.co/mp3-preview/bb80bc456e2de9dc8340862fce79addd6b008fe4?cid=9950ac751e34487dbbe027c4fd7f8e99","true","77","QM7XC1400004","spotify:user:angelolicini","2021-05-23T04:53:17Z","new jersey rap,pop rap,rap,southern hip hop,trap","0.746","0.873","7","-3.803","1","0.128","0.0244","0","0.354","0.817","148.075","4","","300 Entertainment/RGF Productions","C © 2015 300 Entertainment/RGF Productions, P ℗ 2015 300 Entertainment/RGF Productions"
"angelo","spotify:track:0W1OeXDPntUH0BeyJtE9UM","Jugg (feat. Monty)","spotify:artist:6PXS4YHDkKvl1wkIl4V8DL, spotify:artist:1Wnfj5qZsp8nPsGBBRRa4W","Fetty Wap, Monty","spotify:album:2gKQvajkEEaDtkqJ8FJ4uw","Fetty Wap (Deluxe)","spotify:artist:6PXS4YHDkKvl1wkIl4V8DL","Fetty Wap","2015-09-25","https://i.scdn.co/image/ab67616d0000b273de6bd09b07e2b4af4e409f6c","1","4","200253","https://p.scdn.co/mp3-preview/2db4bcd39186ed611b7a3f42eb53c6c0dbcfe1ca?cid=9950ac751e34487dbbe027c4fd7f8e99","true","54","QMCE31500375","spotify:user:angelolicini","2021-05-23T04:53:23Z","new jersey rap,pop rap,rap,southern hip hop,trap","0.635","0.721","10","-4.811","0","0.049","0.0324","0","0.222","0.499","148.064","4","","300 Entertainment/RGF Productions","C © 2015 300 Entertainment/RGF Productions, P ℗ 2015 300 Entertainment/RGF Productions"
"angelo","spotify:track:3ESSGgWzRf1xvP7G5hHMhB","Again","spotify:artist:6PXS4YHDkKvl1wkIl4V8DL","Fetty Wap","spotify:album:2gKQvajkEEaDtkqJ8FJ4uw","Fetty Wap (Deluxe)","spotify:artist:6PXS4YHDkKvl1wkIl4V8DL","Fetty Wap","2015-09-25","https://i.scdn.co/image/ab67616d0000b273de6bd09b07e2b4af4e409f6c","1","7","312240","https://p.scdn.co/mp3-preview/3a0a6348df29152cbc03a95d162fbbfca77d321f?cid=9950ac751e34487dbbe027c4fd7f8e99","true","69","QMCE31500320","spotify:user:angelolicini","2021-05-23T04:53:26Z","new jersey rap,pop rap,rap,southern hip hop,trap","0.748","0.733","11","-4.421","0","0.072","0.0062","0","0.329","0.291","93.019","4","","300 Entertainment/RGF Productions","C © 2015 300 Entertainment/RGF Productions, P ℗ 2015 300 Entertainment/RGF Productions"
"angelo","spotify:track:1WoOzgvz6CgH4pX6a1RKGp","My Way (feat. Monty)","spotify:artist:6PXS4YHDkKvl1wkIl4V8DL, spotify:artist:1Wnfj5qZsp8nPsGBBRRa4W","Fetty Wap, Monty","spotify:album:2gKQvajkEEaDtkqJ8FJ4uw","Fetty Wap (Deluxe)","spotify:artist:6PXS4YHDkKvl1wkIl4V8DL","Fetty Wap","2015-09-25","https://i.scdn.co/image/ab67616d0000b273de6bd09b07e2b4af4e409f6c","1","8","213053","https://p.scdn.co/mp3-preview/018054e25245ef5fd9abda538a6b73ffcb8bd0bf?cid=9950ac751e34487dbbe027c4fd7f8e99","true","68","QMCE31500316","spotify:user:angelolicini","2021-05-23T04:53:41Z","new jersey rap,pop rap,rap,southern hip hop,trap","0.748","0.741","6","-3.103","1","0.0531","0.00419","0","0.147","0.537","128.077","4","","300 Entertainment/RGF Productions","C © 2015 300 Entertainment/RGF Productions, P ℗ 2015 300 Entertainment/RGF Productions"
"angelo","spotify:track:4IowQDUOzUvNtp72HMDcKO","Love Sosa","spotify:artist:15iVAtD3s3FsQR4w1v6M0P","Chief Keef","spotify:album:6VML3yX1WR5pXtg6fmwdzZ","Finally Rich (Deluxe)","spotify:artist:15iVAtD3s3FsQR4w1v6M0P","Chief Keef","2012-01-01","https://i.scdn.co/image/ab67616d0000b2732a8cbe9e04db628271fe9558","1","1","246213","","true","5","USUM71214600","spotify:user:angelolicini","2021-05-23T04:54:29Z","chicago bop,chicago drill,chicago rap,drill,hip hop,rap,southern hip hop,trap","0.772","0.413","0","-8.193","0","0.089","0.0361","0","0.111","0.211","131.965","4","","UMGRI Interscope","C © 2012 Interscope Records, P ℗ 2012 Interscope Records"
"angelo","spotify:track:2ikkgfIIM9kGKZCXzXnTpj","I Don't Like","spotify:artist:15iVAtD3s3FsQR4w1v6M0P, spotify:artist:1bPxKZtCdjB1aj1csBJpdS","Chief Keef, Lil Reese","spotify:album:6VML3yX1WR5pXtg6fmwdzZ","Finally Rich (Deluxe)","spotify:artist:15iVAtD3s3FsQR4w1v6M0P","Chief Keef","2012-01-01","https://i.scdn.co/image/ab67616d0000b2732a8cbe9e04db628271fe9558","1","3","293840","","true","0","USUM71207543","spotify:user:angelolicini","2021-05-23T04:54:43Z","chicago bop,chicago drill,chicago rap,drill,hip hop,rap,southern hip hop,trap,chicago bop,chicago drill,chicago rap,drill","0.742","0.844","2","-4.622","1","0.0479","0.000634","0","0.0659","0.416","131.986","4","","UMGRI Interscope","C © 2012 Interscope Records, P ℗ 2012 Interscope Records"
"angelo","spotify:track:27GmP9AWRs744SzKcpJsTZ","Jumpman","spotify:artist:3TVXtAsR1Inumwj472S9r4, spotify:artist:1RyvyyTE3xzB2ZywiAwp0i","Drake, Future","spotify:album:1ozpmkWcCHwsQ4QTnxOOdT","What A Time To Be Alive","spotify:artist:3TVXtAsR1Inumwj472S9r4, spotify:artist:1RyvyyTE3xzB2ZywiAwp0i","Drake, Future","2015-09-20","https://i.scdn.co/image/ab67616d0000b273d6adfbd3f091d6f2b9af6507","1","9","205879","https://p.scdn.co/mp3-preview/7e96c1e06866ccef196f4de86e77fee72f1f0a0d?cid=9950ac751e34487dbbe027c4fd7f8e99","true","73","USCM51500300","spotify:user:angelolicini","2021-05-23T04:56:01Z","canadian hip hop,canadian pop,hip hop,pop rap,rap,atl hip hop,hip hop,rap,southern hip hop,trap","0.852","0.553","1","-7.286","1","0.187","0.0559","0","0.332","0.656","142.079","4","","Cash Money Records Inc.","C © 2015 Cash Money Records Inc., P ℗ 2015 Cash Money Records Inc."
"angelo","spotify:track:4Li2WHPkuyCdtmokzW2007","Ni**as In Paris","spotify:artist:3nFkdlSjzX9mRTtwJOzDYB, spotify:artist:5K4W6rqBFWDnAN6FQUkS6x","JAY-Z, Kanye West","spotify:album:2P2Xwvh2xWXIZ1OWY9S9o5","Watch The Throne (Deluxe)","spotify:artist:3nFkdlSjzX9mRTtwJOzDYB, spotify:artist:5K4W6rqBFWDnAN6FQUkS6x","JAY-Z, Kanye West","2011-08-08","https://i.scdn.co/image/ab67616d0000b2735c837cc621c1ec82bf3c81ac","1","3","219333","","true","54","USUM71111621","spotify:user:angelolicini","2021-05-23T04:56:26Z","east coast hip hop,gangster rap,hip hop,pop rap,rap,chicago rap,hip hop,rap","0.789","0.858","1","-5.542","1","0.311","0.127","0","0.349","0.775","140.022","4","","Roc Nation/RocAFella/IDJ","C © 2011 Roc-A-Fella Records, LLC/Shawn Carter, P ℗ 2011 Roc-A-Fella Records, LLC/Shawn Carter"
"angelo","spotify:track:4qikXelSRKvoCqFcHLB2H2","Mercy","spotify:artist:5K4W6rqBFWDnAN6FQUkS6x, spotify:artist:0c173mlxpT3dSFRgMO8XPh, spotify:artist:0ONHkAv9pCAFxb0zJwDNTy, spotify:artist:17lzZA2AlOHwCwFALHttmp","Kanye West, Big Sean, Pusha T, 2 Chainz","spotify:album:0hmFRR0pDSZIAvoJqEFSKv","Mercy","spotify:artist:5K4W6rqBFWDnAN6FQUkS6x","Kanye West","2012-01-01","https://i.scdn.co/image/ab67616d0000b2732127d038204bc32c416d55e2","1","1","329320","https://p.scdn.co/mp3-preview/e87a5b2c27552905144ef2d0bdd4b80fc4f13b90?cid=9950ac751e34487dbbe027c4fd7f8e99","true","73","USUM71203564","spotify:user:angelolicini","2021-05-23T04:56:28Z","chicago rap,hip hop,rap,detroit hip hop,hip hop,pop rap,r&b,rap,trap,gangster rap,hip hop,pop rap,rap,southern hip hop,trap,virginia hip hop,atl hip hop,hip hop,pop rap,rap,southern hip hop,trap","0.563","0.496","6","-9.381","0","0.406","0.0685","0.000058","0.173","0.426","139.993","4","","Getting Out Our Dreams Inc. (G.O.O.D.) Music / IDJ","C © 2012 Getting Out Our Dreams, Inc./The Island Def Jam Music Group, P ℗ 2012 Getting Out Our Dreams, Inc./The Island Def Jam Music Group"
"angelo","spotify:track:22L7bfCiAkJo5xGSQgmiIO","All Of The Lights","spotify:artist:5K4W6rqBFWDnAN6FQUkS6x","Kanye West","spotify:album:20r762YmB5HeofjMCiPMLv","My Beautiful Dark Twisted Fantasy","spotify:artist:5K4W6rqBFWDnAN6FQUkS6x","Kanye West","2010-11-22","https://i.scdn.co/image/ab67616d0000b273d9194aa18fa4c9362b47464f","1","5","299613","https://p.scdn.co/mp3-preview/5225c99f6301a3fbe3bdd9f8af1579ad5416828c?cid=9950ac751e34487dbbe027c4fd7f8e99","true","81","USUM71027273","spotify:user:angelolicini","2021-05-23T04:56:31Z","chicago rap,hip hop,rap","0.531","0.803","1","-3.284","1","0.0717","0.0796","0.0000171","0.176","0.221","142.113","4","","Roc-A-Fella","C © 2010 UMG Recordings, Inc., P ℗ 2010 UMG Recordings, Inc."
"angelo","spotify:track:4fzsfWzRhPawzqhX8Qt9F3","Stronger","spotify:artist:5K4W6rqBFWDnAN6FQUkS6x","Kanye West","spotify:album:5fPglEDz9YEwRgbLRvhCZy","Graduation","spotify:artist:5K4W6rqBFWDnAN6FQUkS6x","Kanye West","2007-09-11","https://i.scdn.co/image/ab67616d0000b2739bbd79106e510d13a9a5ec33","1","3","311866","","true","7","USUM70741299","spotify:user:angelolicini","2021-05-23T04:56:34Z","chicago rap,hip hop,rap","0.617","0.717","10","-7.858","0","0.153","0.00564","0","0.408","0.49","103.992","4","","Roc-A-Fella","C © 2007 UMG Recordings, Inc., P A Roc-A-Fella Records release; ℗ 2007 UMG Recordings, Inc."
"angelo","spotify:track:503OTo2dSqe7qk76rgsbep","Still D.R.E.","spotify:artist:6DPYiyq5kWVQS4RGwxzPC7, spotify:artist:7hJcb9fa4alzcOq3EaNPoG","Dr. Dre, Snoop Dogg","spotify:album:7q2B4M5EiBkqrlsNW8lB7N","2001","spotify:artist:6DPYiyq5kWVQS4RGwxzPC7","Dr. Dre","1999-11-16","https://i.scdn.co/image/ab67616d0000b2739b19c107109de740bad72df5","1","4","270586","https://p.scdn.co/mp3-preview/7a1ea34238e6d08c87fc17a5c7e30321d79a7aaa?cid=9950ac751e34487dbbe027c4fd7f8e99","true","84","USIR19905031","spotify:user:angelolicini","2021-05-23T04:56:50Z","g funk,gangster rap,hip hop,rap,west coast rap,g funk,gangster rap,hip hop,pop rap,rap,west coast rap","0.816","0.775","11","-3.323","1","0.234","0.16","0.00031","0.0543","0.527","93.431","4","","Aftermath","C © 2008 Aftermath Entertainment/Interscope Records, P ℗ 2008 Aftermath Entertainment/Interscope Records"
"angelo","spotify:track:5UsLjwBaTHBX4ektWIr4XX","Forever","spotify:artist:3TVXtAsR1Inumwj472S9r4, spotify:artist:5K4W6rqBFWDnAN6FQUkS6x, spotify:artist:55Aa2cqylxrFIXC767Z865, spotify:artist:7dGJo4pcD2V6oG8kP0tJRR","Drake, Kanye West, Lil Wayne, Eminem","spotify:album:7MZzYkbHL9Tk3O6WeD4Z0Z","Relapse: Refill","spotify:artist:7dGJo4pcD2V6oG8kP0tJRR","Eminem","2009-05-15","https://i.scdn.co/image/ab67616d0000b273506c4cc93e5a6234164125e1","2","1","357706","https://p.scdn.co/mp3-preview/3f6dd233fd87d673838e16846846f9fed5f66c23?cid=9950ac751e34487dbbe027c4fd7f8e99","true","77","USUM70920707","spotify:user:angelolicini","2021-05-23T04:56:58Z","canadian hip hop,canadian pop,hip hop,pop rap,rap,chicago rap,hip hop,rap,hip hop,new orleans rap,pop rap,rap,trap,detroit hip hop,hip hop,rap","0.457","0.906","5","-2.278","0","0.342","0.249","0","0.182","0.54","104.02","5","","Aftermath","C © 2009 Aftermath Records, P ℗ 2009 Aftermath Records"
"angelo","spotify:track:6LxSe8YmdPxy095Ux6znaQ","Headlines","spotify:artist:3TVXtAsR1Inumwj472S9r4","Drake","spotify:album:6X1x82kppWZmDzlXXK3y3q","Take Care (Deluxe)","spotify:artist:3TVXtAsR1Inumwj472S9r4","Drake","2011-11-15","https://i.scdn.co/image/ab67616d0000b273c7ea04a9b455e3f68ef82550","1","3","235986","https://p.scdn.co/mp3-preview/570ddea0adb2c0bff50a1f0447a0e643c084fbe6?cid=9950ac751e34487dbbe027c4fd7f8e99","true","81","USCM51100290","spotify:user:angelolicini","2021-05-23T04:57:04Z","canadian hip hop,canadian pop,hip hop,pop rap,rap","0.636","0.566","6","-7.16","0","0.106","0.365","0.000353","0.0917","0.425","151.894","4","","Cash Money Records/Young Money Ent./Universal Rec.","C © 2012 Cash Money Records Inc., P ℗ 2012 Cash Money Records Inc."
"angelo","spotify:track:6REbwUNlppTfcnV4d4ZoZi","Swimming Pools (Drank)","spotify:artist:2YZyLoL8N0Wb9xBt1NhZWg","Kendrick Lamar","spotify:album:2XPrwlaAHHXnJzP9tBcIzH","Swimming Pools (Drank)","spotify:artist:2YZyLoL8N0Wb9xBt1NhZWg","Kendrick Lamar","2012-01-01","https://i.scdn.co/image/ab67616d0000b273b5ef185d28724c5573c2ac9c","1","1","247800","https://p.scdn.co/mp3-preview/2bd12b421709549f9bab606c89faa3a0f1a226b4?cid=9950ac751e34487dbbe027c4fd7f8e99","true","81","USUM71207642","spotify:user:angelolicini","2021-05-23T04:57:26Z","conscious hip hop,hip hop,rap,west coast rap","0.577","0.447","8","-5.892","1","0.277","0.00627","0.00022","0.0899","0.189","74.236","4","","Aftermath","C © 2012 Aftermath/Interscope Records, P ℗ 2012 Aftermath/Interscope Records"
"angelo","spotify:track:439TlnnznSiBbQbgXiBqAd","m.A.A.d city","spotify:artist:2YZyLoL8N0Wb9xBt1NhZWg, spotify:artist:4XqfpACObRB5AsBcUYjL8X","Kendrick Lamar, MC Eiht","spotify:album:6PBZN8cbwkqm1ERj2BGXJ1","good kid, m.A.A.d city","spotify:artist:2YZyLoL8N0Wb9xBt1NhZWg","Kendrick Lamar","2012","https://i.scdn.co/image/ab67616d0000b273d28d2ebdedb220e479743797","1","8","350120","https://p.scdn.co/mp3-preview/2f891ccf2f77692ad51ebf8e0040b97de9a94611?cid=9950ac751e34487dbbe027c4fd7f8e99","true","70","USUM71210784","spotify:user:angelolicini","2021-05-23T04:57:28Z","conscious hip hop,hip hop,rap,west coast rap,g funk,west coast rap","0.487","0.729","2","-6.815","1","0.271","0.0538","0.00000407","0.44","0.217","91.048","4","","Aftermath","C © 2013 Aftermath/Interscope Records, P ℗ 2013 Aftermath/Interscope Records"
"angelo","spotify:track:5SsR3wtCOafDmZgvIdRhSm","Man Of The Year","spotify:artist:5IcR3N7QB1j6KBL8eImZ8m","ScHoolboy Q","spotify:album:7Et3bSTLLqdABO1qCxUplS","Oxymoron (Deluxe)","spotify:artist:5IcR3N7QB1j6KBL8eImZ8m","ScHoolboy Q","2014-01-01","https://i.scdn.co/image/ab67616d0000b27336977e237a8f70ec6c990636","1","12","216013","https://p.scdn.co/mp3-preview/6fd568feae5ff9ff8dc5dc49250489dcd8a8ba60?cid=9950ac751e34487dbbe027c4fd7f8e99","true","72","USUM71314029","spotify:user:angelolicini","2021-05-23T04:57:30Z","gangster rap,hip hop,pop rap,rap,southern hip hop,trap","0.749","0.865","3","-5.228","1","0.0413","0.00536","0","0.198","0.371","111.914","4","","Schoolboy Q","C © 2014 Interscope Records, P ℗ 2014 Interscope Records"
"angelo","spotify:track:62vpWI1CHwFy7tMIcSStl8","No Role Modelz","spotify:artist:6l3HvQ5sa6mXTsMTB19rO5","J. Cole","spotify:album:7viNUmZZ8ztn2UB4XB3jIL","2014 Forest Hills Drive","spotify:artist:6l3HvQ5sa6mXTsMTB19rO5","J. Cole","2014-12-09","https://i.scdn.co/image/ab67616d0000b2736aca031ccc27d2e4dd829d14","1","9","292986","","true","10","USQX91402598","spotify:user:angelolicini","2021-05-23T04:57:41Z","conscious hip hop,hip hop,north carolina hip hop,rap","0.692","0.521","10","-8.465","0","0.33","0.301","0","0.0565","0.463","100.45","4","","Roc Nation/Columbia","P (P) 2014 Roc Nation LLC"
"angelo","spotify:track:6Ius4TC0L3cN74HT7ENE6e","Wet Dreamz","spotify:artist:6l3HvQ5sa6mXTsMTB19rO5","J. Cole","spotify:album:7viNUmZZ8ztn2UB4XB3jIL","2014 Forest Hills Drive","spotify:artist:6l3HvQ5sa6mXTsMTB19rO5","J. Cole","2014-12-09","https://i.scdn.co/image/ab67616d0000b2736aca031ccc27d2e4dd829d14","1","3","239320","","true","2","USQX91402592","spotify:user:angelolicini","2021-05-23T04:57:44Z","conscious hip hop,hip hop,north carolina hip hop,rap","0.517","0.705","6","-8.205","0","0.364","0.0751","0","0.128","0.584","175.906","4","","Roc Nation/Columbia","P (P) 2014 Roc Nation LLC"
"angelo","spotify:track:0I3q5fE6wg7LIfHGngUTnV","Ms. Jackson","spotify:artist:1G9G7WwrXka3Z1r7aIDjI7","Outkast","spotify:album:2tm3Ht61kqqRZtIYsBjxEj","Stankonia","spotify:artist:1G9G7WwrXka3Z1r7aIDjI7","Outkast","2000-10-31","https://i.scdn.co/image/ab67616d0000b2732350e31bc346a6c20e9de166","1","5","270506","https://p.scdn.co/mp3-preview/06f8cc47c72dae9e9a66081b4dc912e9d9b430a9?cid=9950ac751e34487dbbe027c4fd7f8e99","true","83","USLF20000357","spotify:user:angelolicini","2021-05-23T04:57:51Z","atl hip hop,dirty south rap,hip hop,old school atlanta hip hop,rap,southern hip hop","0.843","0.806","4","-5.946","0","0.269","0.143","0","0.0771","0.613","94.948","4","","Arista/LaFace Records","P (P) 2000 Arista Records LLC"
"angelo","spotify:track:51EC3I1nQXpec4gDk0mQyP","90210 (feat. Kacy Hill)","spotify:artist:0Y5tJX1MQlPlqiwlOH1tJY, spotify:artist:4dYQmk5ma04mZ1KJ9KkAQK","Travis Scott, Kacy Hill","spotify:album:4PWBTB6NYSKQwfo79I3prg","Rodeo","spotify:artist:0Y5tJX1MQlPlqiwlOH1tJY","Travis Scott","2015-09-04","https://i.scdn.co/image/ab67616d0000b273715973050587fe3c93033aad","1","5","339066","https://p.scdn.co/mp3-preview/c357bde24bdd21336d2c218f4331909bc3a458ea?cid=9950ac751e34487dbbe027c4fd7f8e99","true","82","USSM11506731","spotify:user:angelolicini","2021-05-23T04:59:06Z","hip hop,rap,slap house,la pop,modern alternative pop","0.402","0.526","9","-6.741","0","0.0904","0.113","0.00000833","0.105","0.312","81.404","4","","Cactus Jack / Epic","P (P) 2015 Cactus Jack Records, LLC under exclusive license to Epic Records, a division of Sony Music Entertainment"
"angelo","spotify:track:5SkRLpaGtvYPhw02vZhQQ9","All Falls Down","spotify:artist:5K4W6rqBFWDnAN6FQUkS6x, spotify:artist:1lE6SEy8f84Zhjvp7r8yTD","Kanye West, Syleena Johnson","spotify:album:4Uv86qWpGTxf7fU7lG5X6F","The College Dropout","spotify:artist:5K4W6rqBFWDnAN6FQUkS6x","Kanye West","2004-02-10","https://i.scdn.co/image/ab67616d0000b27325b055377757b3cdd6f26b78","1","4","223506","https://p.scdn.co/mp3-preview/9e7b45a12d4b010d5ebae0ee4fab1ee5935bf881?cid=9950ac751e34487dbbe027c4fd7f8e99","true","83","USDJ20301703","spotify:user:angelolicini","2021-05-23T04:59:48Z","chicago rap,hip hop,rap,contemporary r&b,neo soul,r&b,urban contemporary","0.657","0.734","8","-4.832","0","0.484","0.149","0","0.139","0.434","91.03","4","","Roc-A-Fella","C © 2004 UMG Recordings, Inc., P ℗ 2004 UMG Recordings, Inc."
"angelo","spotify:track:3iVcZ5G6tvkXZkZKlMpIUs","Alright","spotify:artist:2YZyLoL8N0Wb9xBt1NhZWg","Kendrick Lamar","spotify:album:7ycBtnsMtyVbbwTfJwRjSP","To Pimp A Butterfly","spotify:artist:2YZyLoL8N0Wb9xBt1NhZWg","Kendrick Lamar","2015-03-16","https://i.scdn.co/image/ab67616d0000b273cdb645498cd3d8a2db4d05e1","1","7","219333","https://p.scdn.co/mp3-preview/4b5c9d0de5c6c7643ca1d7a488e8b1d8afec1b4e?cid=9950ac751e34487dbbe027c4fd7f8e99","true","82","USUM71502498","spotify:user:angelolicini","2021-05-23T05:01:20Z","conscious hip hop,hip hop,rap,west coast rap","0.796","0.766","7","-5.974","1","0.238","0.0742","0","0.0827","0.558","110.034","4","","Aftermath","C © 2015 Aftermath/Interscope (Top Dawg Entertainment), P ℗ 2015 Aftermath/Interscope (Top Dawg Entertainment)"
"angelo","spotify:track:2HbKqm4o0w5wEeEFXm2sD4","Money Trees","spotify:artist:2YZyLoL8N0Wb9xBt1NhZWg, spotify:artist:28ExwzUQsvgJooOI0X1mr3","Kendrick Lamar, Jay Rock","spotify:album:6PBZN8cbwkqm1ERj2BGXJ1","good kid, m.A.A.d city","spotify:artist:2YZyLoL8N0Wb9xBt1NhZWg","Kendrick Lamar","2012","https://i.scdn.co/image/ab67616d0000b273d28d2ebdedb220e479743797","1","5","386906","https://p.scdn.co/mp3-preview/918a048521fe4c233f781943bd1194c20a12505a?cid=9950ac751e34487dbbe027c4fd7f8e99","true","83","USUM71210785","spotify:user:angelolicini","2021-05-23T05:02:10Z","conscious hip hop,hip hop,rap,west coast rap,conscious hip hop,hip hop,rap,southern hip hop,trap","0.716","0.531","7","-7.355","1","0.122","0.0703","0","0.224","0.344","71.994","4","","Aftermath","C © 2013 Aftermath/Interscope Records, P ℗ 2013 Aftermath/Interscope Records"
"angelo","spotify:track:2z3htsNRuhDN923ITatc56","Marvins Room","spotify:artist:3TVXtAsR1Inumwj472S9r4","Drake","spotify:album:63WdJvk8G9hxJn8u5rswNh","Take Care (Deluxe)","spotify:artist:3TVXtAsR1Inumwj472S9r4","Drake","2011-11-15","https://i.scdn.co/image/ab67616d0000b273c12f4b7567671621abce2aaa","1","6","347226","https://p.scdn.co/mp3-preview/162e35b99b14ee33752088767604fa229127c347?cid=9950ac751e34487dbbe027c4fd7f8e99","true","35","USCM51100267","spotify:user:angelolicini","2021-05-23T05:04:39Z","canadian hip hop,canadian pop,hip hop,pop rap,rap","0.492","0.26","9","-17.341","0","0.0921","0.646","0.00178","0.0705","0.312","111.519","5","","Aspire Music Group, LLC","C © 2011 Cash Money Records Inc., P ℗ 2011 Cash Money Records Inc."
"angelo","spotify:track:608a1wIsSd5KzMEqm1O7w3","I'm On One","spotify:artist:0QHgL1lAIqAw0HtD7YldmP, spotify:artist:3TVXtAsR1Inumwj472S9r4, spotify:artist:1sBkRIssrMs1AbVkOJbc7a, spotify:artist:55Aa2cqylxrFIXC767Z865","DJ Khaled, Drake, Rick Ross, Lil Wayne","spotify:album:7FyxsUO4kVqRfo2ne1aUOg","We The Best Forever","spotify:artist:0QHgL1lAIqAw0HtD7YldmP","DJ Khaled","2011-01-01","https://i.scdn.co/image/ab67616d0000b273dd87a2f68949c8fcbbec91be","1","1","296146","https://p.scdn.co/mp3-preview/ddf0da107eaeeb19960ae9b3001cc9de92353846?cid=9950ac751e34487dbbe027c4fd7f8e99","true","73","USCM51100126","spotify:user:angelolicini","2021-05-23T05:04:44Z","hip hop,miami hip hop,pop rap,rap,canadian hip hop,canadian pop,hip hop,pop rap,rap,dirty south rap,gangster rap,hip hop,rap,southern hip hop,trap,hip hop,new orleans rap,pop rap,rap,trap","0.413","0.807","11","-3.499","0","0.318","0.0536","0","0.631","0.438","149.33","4","","Cash Money","C © 2011 Cash Money Records Inc., P ℗ 2011 Cash Money Records Inc."
"angelo","spotify:track:6rbeWjEavBHvX2kr6lSogS","Work Out","spotify:artist:6l3HvQ5sa6mXTsMTB19rO5","J. Cole","spotify:album:4skqOUXyBUnzxVPNPxrGWV","Cole World: The Sideline Story","spotify:artist:6l3HvQ5sa6mXTsMTB19rO5","J. Cole","2011-09-23","https://i.scdn.co/image/ab67616d0000b273f8a619752d418f3d6d73b2b2","1","16","234773","","true","3","USQX91100801","spotify:user:angelolicini","2021-05-23T05:05:09Z","conscious hip hop,hip hop,north carolina hip hop,rap","0.831","0.427","2","-6.903","1","0.106","0.0531","0","0.316","0.216","93.004","4","","Roc Nation/Columbia","P (P) 2010, 2011 Roc Nation LLC"
"angelo","spotify:track:6V2D8Lls36APk0THDjBDfE","Started From the Bottom","spotify:artist:3TVXtAsR1Inumwj472S9r4","Drake","spotify:album:2gXTTQ713nCELgPOS0qWyt","Nothing Was The Same (Deluxe)","spotify:artist:3TVXtAsR1Inumwj472S9r4","Drake","2013-01-01","https://i.scdn.co/image/ab67616d0000b27367ffd8d6bbf399430ba9c044","1","3","174133","","true","3","USCM51300064","spotify:user:angelolicini","2021-05-23T05:05:41Z","canadian hip hop,canadian pop,hip hop,pop rap,rap","0.794","0.522","8","-7.829","1","0.159","0.0328","0","0.156","0.567","86.318","4","","Aspire Music Group, LLC","C © 2013 Cash Money Records Inc., P ℗ 2013 Cash Money Records Inc."
"angelo","spotify:track:3sNVsP50132BTNlImLx70i","Bound 2","spotify:artist:5K4W6rqBFWDnAN6FQUkS6x","Kanye West","spotify:album:7D2NdGvBHIavgLhmcwhluK","Yeezus","spotify:artist:5K4W6rqBFWDnAN6FQUkS6x","Kanye West","2013-06-18","https://i.scdn.co/image/ab67616d0000b2731dacfbc31cc873d132958af9","1","10","229146","https://p.scdn.co/mp3-preview/8467fcd7f77c2cdf4264ebf7321166723252b9ef?cid=9950ac751e34487dbbe027c4fd7f8e99","true","87","USUM71307523","spotify:user:angelolicini","2021-05-23T05:05:55Z","chicago rap,hip hop,rap","0.367","0.665","1","-2.821","1","0.0465","0.145","0","0.113","0.31","148.913","4","","Rock The World/IDJ/Kanye/LP6","C © 2013 Def Jam Recordings, a division of UMG Recordings, Inc., P ℗ 2013 Def Jam Recordings, a division of UMG Recordings, Inc."
"angelo","spotify:track:29gsi1zZrZxdStACmTQB0Z","Studio","spotify:artist:5IcR3N7QB1j6KBL8eImZ8m, spotify:artist:07d5etnpjriczFBB8pxmRe","ScHoolboy Q, BJ The Chicago Kid","spotify:album:7Et3bSTLLqdABO1qCxUplS","Oxymoron (Deluxe)","spotify:artist:5IcR3N7QB1j6KBL8eImZ8m","ScHoolboy Q","2014-01-01","https://i.scdn.co/image/ab67616d0000b27336977e237a8f70ec6c990636","1","6","278066","https://p.scdn.co/mp3-preview/6bfb1935066462de89dab59444f15afdcd876404?cid=9950ac751e34487dbbe027c4fd7f8e99","true","70","USUM71400323","spotify:user:angelolicini","2021-05-23T05:06:15Z","gangster rap,hip hop,pop rap,rap,southern hip hop,trap,alternative r&b,chicago rap","0.709","0.589","8","-7.776","0","0.0433","0.0507","0","0.0585","0.58","133.922","3","","Schoolboy Q","C © 2014 Interscope Records, P ℗ 2014 Interscope Records"
"angelo","spotify:track:5nN8BwAQDJDguq7Dpd3JQQ","Where Ya At (feat. Drake)","spotify:artist:1RyvyyTE3xzB2ZywiAwp0i, spotify:artist:3TVXtAsR1Inumwj472S9r4","Future, Drake","spotify:album:0fUy6IdLHDpGNwavIlhEsl","DS2 (Deluxe)","spotify:artist:1RyvyyTE3xzB2ZywiAwp0i","Future","2015-07-17","https://i.scdn.co/image/ab67616d0000b273b2592bea12d840fd096ef965","1","3","208026","https://p.scdn.co/mp3-preview/0e609411c35a5e6ac4e883a9e3ef6f9f1454a53a?cid=9950ac751e34487dbbe027c4fd7f8e99","true","68","USSM11505577","spotify:user:angelolicini","2021-05-23T05:06:46Z","atl hip hop,hip hop,rap,southern hip hop,trap,canadian hip hop,canadian pop,hip hop,pop rap,rap","0.813","0.453","1","-6.941","1","0.338","0.0933","0","0.14","0.191","161.997","4","","Epic/Freebandz/A1","P (P) 2015 Epic Records, a division of Sony Music Entertainment"
"angelo","spotify:track:5InOp6q2vvx0fShv3bzFLZ","Know Yourself","spotify:artist:3TVXtAsR1Inumwj472S9r4","Drake","spotify:album:0ptlfJfwGTy0Yvrk14JK1I","If You're Reading This It's Too Late","spotify:artist:3TVXtAsR1Inumwj472S9r4","Drake","2015-02-12","https://i.scdn.co/image/ab67616d0000b2732090f4f6cc406e6d3c306733","1","4","275840","https://p.scdn.co/mp3-preview/cfd9ec3b216ac1b28c51e1f1750c8264fb7f2a56?cid=9950ac751e34487dbbe027c4fd7f8e99","true","70","USUM71502037","spotify:user:angelolicini","2021-05-23T05:07:06Z","canadian hip hop,canadian pop,hip hop,pop rap,rap","0.72","0.412","11","-8.687","0","0.223","0.196","0","0.342","0.179","114.408","4","","Cash Money Records/Young Money Ent./Universal Rec.","C © 2015 Cash Money Records Inc., P ℗ 2015 Cash Money Records Inc."
"angelo","spotify:track:1zi7xx7UVEFkmKfv06H8x0","One Dance","spotify:artist:3TVXtAsR1Inumwj472S9r4, spotify:artist:3tVQdUvClmAT7URs9V3rsp, spotify:artist:77DAFfvm3O9zT5dIoG0eIO","Drake, Wizkid, Kyla","spotify:album:40GMAhriYJRO1rsY4YdrZb","Views","spotify:artist:3TVXtAsR1Inumwj472S9r4","Drake","2016-05-06","https://i.scdn.co/image/ab67616d0000b2739416ed64daf84936d89e671c","1","12","173986","https://p.scdn.co/mp3-preview/0ee5843f6060102ce4ac239c856c452439e3d9d2?cid=9950ac751e34487dbbe027c4fd7f8e99","false","89","USCM51600028","spotify:user:angelolicini","2021-05-23T05:07:16Z","canadian hip hop,canadian pop,hip hop,pop rap,rap,afrobeats,afropop,azonto,nigerian hip hop,nigerian pop,uk funky","0.792","0.625","1","-5.609","1","0.0536","0.00776","0.0018","0.329","0.37","103.967","4","","Cash Money Records/Young Money Ent./Universal Rec.","C © 2016 Young Money Entertainment/Cash Money Records, P ℗ 2016 Young Money Entertainment/Cash Money Records"
"angelo","spotify:track:5mCPDVBb16L4XQwDdbRUpz","Passionfruit","spotify:artist:3TVXtAsR1Inumwj472S9r4","Drake","spotify:album:1lXY618HWkwYKJWBRYR4MK","More Life","spotify:artist:3TVXtAsR1Inumwj472S9r4","Drake","2017-03-18","https://i.scdn.co/image/ab67616d0000b2734f0fd9dad63977146e685700","1","3","298940","https://p.scdn.co/mp3-preview/f54450b33a17422d771eb9c70f171cb015273dc9?cid=9950ac751e34487dbbe027c4fd7f8e99","true","86","USCM51700072","spotify:user:angelolicini","2021-05-23T05:08:13Z","canadian hip hop,canadian pop,hip hop,pop rap,rap","0.809","0.463","11","-11.377","1","0.0396","0.256","0.085","0.109","0.364","111.98","4","","Cash Money Records/Young Money Ent./Universal Rec.","C © 2017 Young Money Entertainment/Cash Money Records, P ℗ 2017 Young Money Entertainment/Cash Money Records"
"angelo","spotify:track:6UjfByV1lDLW0SOVQA4NAi","Gyalchester","spotify:artist:3TVXtAsR1Inumwj472S9r4","Drake","spotify:album:1lXY618HWkwYKJWBRYR4MK","More Life","spotify:artist:3TVXtAsR1Inumwj472S9r4","Drake","2017-03-18","https://i.scdn.co/image/ab67616d0000b2734f0fd9dad63977146e685700","1","9","189229","https://p.scdn.co/mp3-preview/b558e79ef02366d29750459bdbc8ccba1b74544b?cid=9950ac751e34487dbbe027c4fd7f8e99","true","70","USCM51700046","spotify:user:angelolicini","2021-05-23T05:08:24Z","canadian hip hop,canadian pop,hip hop,pop rap,rap","0.877","0.391","1","-8.196","1","0.063","0.0317","0.000502","0.0945","0.122","131.018","4","","Cash Money Records/Young Money Ent./Universal Rec.","C © 2017 Young Money Entertainment/Cash Money Records, P ℗ 2017 Young Money Entertainment/Cash Money Records"
"angelo","spotify:track:2bjwRfXMk4uRgOD9IBYl9h","Portland","spotify:artist:3TVXtAsR1Inumwj472S9r4, spotify:artist:0VRj0yCOv2FXJNP47XQnx5, spotify:artist:0Y5tJX1MQlPlqiwlOH1tJY","Drake, Quavo, Travis Scott","spotify:album:1lXY618HWkwYKJWBRYR4MK","More Life","spotify:artist:3TVXtAsR1Inumwj472S9r4","Drake","2017-03-18","https://i.scdn.co/image/ab67616d0000b2734f0fd9dad63977146e685700","1","11","236614","https://p.scdn.co/mp3-preview/dfac1b8bda55356776cee8705954bfdedfc3c588?cid=9950ac751e34487dbbe027c4fd7f8e99","true","74","USCM51700055","spotify:user:angelolicini","2021-05-23T05:08:31Z","canadian hip hop,canadian pop,hip hop,pop rap,rap,atl hip hop,melodic rap,rap,trap,hip hop,rap,slap house","0.925","0.443","1","-8.216","1","0.264","0.0172","0","0.276","0.35","136.078","4","","Cash Money Records/Young Money Ent./Universal Rec.","C © 2017 Young Money Entertainment/Cash Money Records, P ℗ 2017 Young Money Entertainment/Cash Money Records"
"angelo","spotify:track:1cTZMwcBJT0Ka3UJPXOeeN","Nice For What","spotify:artist:3TVXtAsR1Inumwj472S9r4","Drake","spotify:album:1ZGxGu4fMROqmZsFSoepeE","Nice For What","spotify:artist:3TVXtAsR1Inumwj472S9r4","Drake","2018-04-06","https://i.scdn.co/image/ab67616d0000b273648ee7f5b11d8703447e372f","1","1","210925","","true","2","USCM51800077","spotify:user:angelolicini","2021-05-23T05:09:06Z","canadian hip hop,canadian pop,hip hop,pop rap,rap","0.567","0.913","8","-6.471","1","0.0736","0.0934","0.000124","0.114","0.792","93.35","4","","Cash Money/Drake LP6","C © 2018 Young Money/Cash Money Records, P ℗ 2018 Young Money/Cash Money Records"
"angelo","spotify:track:4X5f3vT8MRuXF68pfjNte5","F**kin' Problems (feat. Drake, 2 Chainz & Kendrick Lamar)","spotify:artist:13ubrt8QOOCPljQ2FL1Kca, spotify:artist:3TVXtAsR1Inumwj472S9r4, spotify:artist:17lzZA2AlOHwCwFALHttmp, spotify:artist:2YZyLoL8N0Wb9xBt1NhZWg","A$AP Rocky, Drake, 2 Chainz, Kendrick Lamar","spotify:album:6rzMufuu8sLkIizM4q9c7J","LONG.LIVE.A$AP (Deluxe Version)","spotify:artist:13ubrt8QOOCPljQ2FL1Kca","A$AP Rocky","2013","https://i.scdn.co/image/ab67616d0000b2732ae92030b51fb8135d694af9","1","7","233786","https://p.scdn.co/mp3-preview/77d6e84f7d33f7d05d9445953938adcc9b4600b2?cid=9950ac751e34487dbbe027c4fd7f8e99","true","78","USRC11201220","spotify:user:angelolicini","2021-05-23T05:10:57Z","east coast hip hop,hip hop,rap,trap,canadian hip hop,canadian pop,hip hop,pop rap,rap,atl hip hop,hip hop,pop rap,rap,southern hip hop,trap,conscious hip hop,hip hop,rap,west coast rap","0.853","0.693","1","-6.87","1","0.275","0.0239","0","0.11","0.662","95.967","4","","A$AP Worldwide/Polo Grounds Music/RCA Records","P (P) 2012 A$AP Rocky Recordings LLC/RCA Records. Marketed & Distributed by Polo Grounds Music/RCA Records."
"angelo","spotify:track:6HfOzLLjsaXsehIFEsrxTk","Trophies","spotify:artist:5OrB6Jhhrl9y2PK0pSV4VP, spotify:artist:3TVXtAsR1Inumwj472S9r4","Young Money, Drake","spotify:album:0UwpSCPnNPksM1meQJnBAF","Rise Of An Empire (Deluxe Edition)","spotify:artist:5OrB6Jhhrl9y2PK0pSV4VP","Young Money","2014-01-01","https://i.scdn.co/image/ab67616d0000b273842e732b778998eef17b405f","1","2","188320","https://p.scdn.co/mp3-preview/31785a19aea53d5971cd9cb66cadd462bfd24a38?cid=9950ac751e34487dbbe027c4fd7f8e99","true","77","USCM51400038","spotify:user:angelolicini","2021-05-23T05:10:59Z","dirty south rap,pop rap,rap,southern hip hop,trap,canadian hip hop,canadian pop,hip hop,pop rap,rap","0.746","0.687","1","-7.475","1","0.382","0.155","0","0.137","0.283","143.931","4","","Cash Money Records/Motown Records","C © 2014 Cash Money Records Inc., P ℗ 2014 Cash Money Records Inc."
"angelo","spotify:track:33ZXjLCpiINn8eQIDYEPTD","Shook Ones, Pt. II","spotify:artist:6O2zJ0tId7g07yzHtX0yap","Mobb Deep","spotify:album:1cCAb1vN8uUsdfEylVmTLs","The Infamous","spotify:artist:6O2zJ0tId7g07yzHtX0yap","Mobb Deep","1995-04-25","https://i.scdn.co/image/ab67616d0000b273a2203fa0656cede30f879b97","1","15","325506","https://p.scdn.co/mp3-preview/a652d49e8093528e7a3f57f86ce329137ccd07db?cid=9950ac751e34487dbbe027c4fd7f8e99","true","79","USRC19401295","spotify:user:angelolicini","2021-07-13T19:19:11Z","east coast hip hop,hardcore hip hop,hip hop,queens hip hop","0.763","0.786","10","-6.472","0","0.229","0.0146","0.0114","0.0817","0.504","93.857","4","","RCA Records Label","P (P) 1995 RCA Records, a division of Sony Music Entertainment"
"angelo","spotify:track:7N1Vjtzr1lmmCW9iasQ8YO","Survival of the Fittest","spotify:artist:6O2zJ0tId7g07yzHtX0yap","Mobb Deep","spotify:album:1cCAb1vN8uUsdfEylVmTLs","The Infamous","spotify:artist:6O2zJ0tId7g07yzHtX0yap","Mobb Deep","1995-04-25","https://i.scdn.co/image/ab67616d0000b273a2203fa0656cede30f879b97","1","3","224533","https://p.scdn.co/mp3-preview/baed7c03d6b2f08e1d1b27f17a1c6b3450b4f3e7?cid=9950ac751e34487dbbe027c4fd7f8e99","true","72","USRC19501711","spotify:user:angelolicini","2021-07-13T19:19:46Z","east coast hip hop,hardcore hip hop,hip hop,queens hip hop","0.813","0.703","11","-5.077","0","0.268","0.125","0.00000126","0.237","0.241","94.828","4","","RCA Records Label","P (P) 1995 RCA Records, a division of Sony Music Entertainment"
"angelo","spotify:track:0Fs9cdPDhptWEDJmiCbkEW","She Knows (feat. Amber Coffman & Cults)","spotify:artist:6l3HvQ5sa6mXTsMTB19rO5, spotify:artist:3Oim8XBPbznAa8Jj8QzNc8, spotify:artist:4vpGVGgxSDcCTmqYbsOnsn","J. Cole, Cults, Amber Coffman","spotify:album:5FP9keIJnlSCKnkdVOf623","Born Sinner (Deluxe Version)","spotify:artist:6l3HvQ5sa6mXTsMTB19rO5","J. Cole","2013-06-18","https://i.scdn.co/image/ab67616d0000b273c1bb124f993488cf21b269fc","1","8","296520","https://p.scdn.co/mp3-preview/7431a4ac3e80c4ca7f819b0638353d5b42978bbb?cid=9950ac751e34487dbbe027c4fd7f8e99","true","78","USQX91301184","spotify:user:angelolicini","2021-07-22T07:48:15Z","conscious hip hop,hip hop,north carolina hip hop,rap,experimental pop,indie surf,pov: indie,art pop","0.766","0.74","1","-10.363","1","0.0807","0.0193","0.0784","0.229","0.183","118.008","4","","Roc Nation LLC","C © 2013 Cole World/Interscope Records, P ℗ 2013 Cole World/Interscope Records"
"angelo","spotify:track:7vgTNTaEz3CsBZ1N4YQalM","Ghost Town","spotify:artist:5K4W6rqBFWDnAN6FQUkS6x, spotify:artist:2HPaUgqeutzr3jx5a9WyDV","Kanye West, PARTYNEXTDOOR","spotify:album:2Ek1q2haOnxVqhvVKqMvJe","ye","spotify:artist:5K4W6rqBFWDnAN6FQUkS6x","Kanye West","2018-06-01","https://i.scdn.co/image/ab67616d0000b2730cd942c1a864afa4e92d04f2","1","6","271386","https://p.scdn.co/mp3-preview/b01411c77500efa3830f69a04a0026d5cb01f3e7?cid=9950ac751e34487dbbe027c4fd7f8e99","true","81","USUM71807761","spotify:user:angelolicini","2021-07-23T01:17:28Z","chicago rap,hip hop,rap,r&b,rap,urban contemporary","0.573","0.545","7","-4.247","0","0.0288","0.0969","0","0.329","0.297","83.378","4","","Getting Out Our Dreams, Inc./Def Jam Recordings","C © 2018 Getting Out Our Dreams II, LLC Distributed By Def Jam, A Division of UMG Recordings, Inc., P ℗ 2018 Getting Out Our Dreams II, LLC Distributed By Def Jam, A Division of UMG Recordings, Inc."
"angelo","spotify:track:78JKJfKsqgeBDBF58gv1SF","Hands on the Wheel (feat. Asap Rocky)","spotify:artist:5IcR3N7QB1j6KBL8eImZ8m, spotify:artist:13ubrt8QOOCPljQ2FL1Kca","ScHoolboy Q, A$AP Rocky","spotify:album:6Xz8eKy8TeAyzwGr8QSOAS","Habits & Contradictions","spotify:artist:5IcR3N7QB1j6KBL8eImZ8m","ScHoolboy Q","2012-01-14","https://i.scdn.co/image/ab67616d0000b273adbae0d44ccbeeab44d47920","1","3","197131","https://p.scdn.co/mp3-preview/5dcadb6e307343831022e5b9e335d3fffd73afad?cid=9950ac751e34487dbbe027c4fd7f8e99","true","69","TCABZ1472036","spotify:user:angelolicini","2021-08-24T22:42:26Z","gangster rap,hip hop,pop rap,rap,southern hip hop,trap,east coast hip hop,hip hop,rap,trap","0.646","0.784","1","-7.471","0","0.108","0.0166","0","0.0721","0.179","127.839","4","","Top Dawg Entertainment","C 2014 Top Dawg Entertainment, P 2014 Top Dawg Entertainment"
"angelo","spotify:track:5MYFw4T2gy52pOGBN4EYHS","Stay Fly","spotify:artist:26s8LSolLfCIY88ysQbIuT","Three 6 Mafia","spotify:album:0kTLdP4XPeJGsbr2L8ikyF","Most Known Unknown (Explicit)","spotify:artist:26s8LSolLfCIY88ysQbIuT","Three 6 Mafia","2005-09-27","https://i.scdn.co/image/ab67616d0000b273f52c28f42318cdfe7718e32a","1","2","236600","https://p.scdn.co/mp3-preview/fc9258cc85e2ac11e1d57e5cd8adc0284958ea3f?cid=9950ac751e34487dbbe027c4fd7f8e99","true","70","USSM10502938","spotify:user:angelolicini","2021-10-14T20:47:03Z","crunk,dirty south rap,gangster rap,memphis hip hop,southern hip hop,tennessee hip hop,trap","0.789","0.881","11","-5.758","1","0.0331","0.109","0","0.355","0.647","133.299","4","","Hypnotize Minds/Sony Urban Music/Columbia","P (P) 2005 SONY BMG MUSIC ENTERTAINMENT"
"angelo","spotify:track:35Pqu6Lmm1q9Bq6aSfSLl0","Method Man (feat. Method Man, Raekwon, GZA, RZA & Ghostface Killah)","spotify:artist:34EP7KEpOjXcM2TCat1ISk, spotify:artist:4VmEWwd8y9MCLwexFMdpwt, spotify:artist:2yQf6b8hxahZaT5dHlWaB1, spotify:artist:6ns6XAOsw4B0nDUIovAOUO, spotify:artist:4iCwCMnqsNZ6atvRiADgtn, spotify:artist:6FD0unjzGQhX3b6eMccMJe","Wu-Tang Clan, Method Man, Raekwon, GZA, RZA, Ghostface Killah","spotify:album:0qtA1fEpJAvz8xGqUESxHU","The Essential Wu-Tang Clan","spotify:artist:34EP7KEpOjXcM2TCat1ISk","Wu-Tang Clan","2013-10-29","https://i.scdn.co/image/ab67616d0000b27374d01fe2bc7f78e90e5922d8","2","7","299773","https://p.scdn.co/mp3-preview/05cb86219ec4e21c894421b44cf752b60abb9663?cid=9950ac751e34487dbbe027c4fd7f8e99","true","40","USRC10401648","spotify:user:angelolicini","2021-11-09T00:37:25Z","east coast hip hop,gangster rap,hardcore hip hop,hip hop,rap,east coast hip hop,hardcore hip hop,hip hop,east coast hip hop,hardcore hip hop,east coast hip hop,hardcore hip hop,east coast hip hop,hardcore hip hop,east coast hip hop,hardcore hip hop","0.89","0.623","11","-7.858","0","0.178","0.014","0.0112","0.17","0.601","101.573","4","","Columbia/Legacy","P This compilation (P) 2013 Sony Music Entertainment"
"angelo","spotify:track:3UmaczJpikHgJFyBTAJVoz","Stan","spotify:artist:7dGJo4pcD2V6oG8kP0tJRR, spotify:artist:2mpeljBig2IXLXRAFO9AAs","Eminem, Dido","spotify:album:6t7956yu5zYf5A829XRiHC","The Marshall Mathers LP","spotify:artist:7dGJo4pcD2V6oG8kP0tJRR","Eminem","2000-05-23","https://i.scdn.co/image/ab67616d0000b273dbb3dd82da45b7d7f31b1b42","1","3","404106","https://p.scdn.co/mp3-preview/966406ecff01a973669e1457b17fdd7e7089d454?cid=9950ac751e34487dbbe027c4fd7f8e99","true","84","USIR10001280","spotify:user:angelolicini","2021-11-22T21:05:58Z","detroit hip hop,hip hop,rap,dance pop,europop,lilith,neo mellow,pop rock","0.78","0.768","6","-4.325","0","0.238","0.0371","0.00000234","0.518","0.507","80.063","4","","Interscope","C © 2000 Interscope Records, P ℗ 2000 Aftermath Entertainment/Interscope Records"
"angelo","spotify:track:2qOm7ukLyHUXWyR4ZWLwxA","It Was A Good Day","spotify:artist:3Mcii5XWf6E0lrY3Uky4cA","Ice Cube","spotify:album:71HM1CMYWeZzws8pyiEn46","The Predator","spotify:artist:3Mcii5XWf6E0lrY3Uky4cA","Ice Cube","1992-11-17","https://i.scdn.co/image/ab67616d0000b273994c319841a923465d62e271","1","7","260000","https://p.scdn.co/mp3-preview/ea4eb0210dd50f7b3e1c43136adab0afc86e418f?cid=9950ac751e34487dbbe027c4fd7f8e99","true","83","USPO19250006","spotify:user:angelolicini","2021-11-23T20:03:15Z","conscious hip hop,g funk,gangster rap,hip hop,rap,west coast rap","0.798","0.744","7","-5.328","0","0.136","0.33","0.000106","0.292","0.794","82.356","4","","Priority Records","C © 2015 Priority Records LLC, P ℗ 1992 Priority Records LLC"
"angelo","spotify:track:6kYTywTCfycHZcH0WdLyRy","No Tears","spotify:artist:19KwjzvIL92r29IINtlPNP","Scarface","spotify:album:2Z1lDWB2EfTUKV5ILxjdvu","The Diary","spotify:artist:19KwjzvIL92r29IINtlPNP","Scarface","1994","https://i.scdn.co/image/ab67616d0000b273602c9567392bbf640373e293","1","3","146280","https://p.scdn.co/mp3-preview/4a63f41417fd35179358814b32b23302fb54fbee?cid=9950ac751e34487dbbe027c4fd7f8e99","true","61","USZXT1035277","spotify:user:angelolicini","2021-12-13T06:41:38Z","conscious hip hop,dirty south rap,gangster rap,hardcore hip hop","0.88","0.818","1","-7.427","1","0.359","0.0353","0","0.713","0.726","81.93","4","","Rap-A-Lot Records","C (C) 2013 Rap-A-Lot 2K Records, Inc."
"angelo","spotify:track:25pl7kV4OxafIc9wPAggYf","So What'Cha Want","spotify:artist:03r4iKL2g2442PT9n2UKsx","Beastie Boys","spotify:album:0OqOIHkfdZ6tqkKd8QQcS2","Anthology: The Sounds Of Science","spotify:artist:03r4iKL2g2442PT9n2UKsx","Beastie Boys","1999-01-01","https://i.scdn.co/image/ab67616d0000b27396c3a9e140c8ff0ab0d8a91e","2","17","217066","https://p.scdn.co/mp3-preview/344a5401765eacfef36cd42e8f9a35d498657ab9?cid=9950ac751e34487dbbe027c4fd7f8e99","true","62","USCA29901050","spotify:user:angelolicini","2021-12-22T06:02:13Z","alternative rock,east coast hip hop,golden age hip hop,hip hop,old school hip hop,rap,rap rock,rock","0.695","0.978","5","-3.556","0","0.274","0.0764","0.0000312","0.069","0.706","171.093","4","","Capitol Records","C © 1999 Capitol Records Inc And Beastie Boys, P This Compilation ℗ 1999 Capitol Records Inc And Beastie Boys"
"angelo","spotify:track:3DK6m7It6Pw857FcQftMds","Runaway","spotify:artist:5K4W6rqBFWDnAN6FQUkS6x, spotify:artist:0ONHkAv9pCAFxb0zJwDNTy","Kanye West, Pusha T","spotify:album:20r762YmB5HeofjMCiPMLv","My Beautiful Dark Twisted Fantasy","spotify:artist:5K4W6rqBFWDnAN6FQUkS6x","Kanye West","2010-11-22","https://i.scdn.co/image/ab67616d0000b273d9194aa18fa4c9362b47464f","1","9","547733","https://p.scdn.co/mp3-preview/a1f828c57ecf2b61cee888d956e5b59aebb14610?cid=9950ac751e34487dbbe027c4fd7f8e99","true","86","USUM71027402","spotify:user:angelolicini","2022-02-18T14:21:28Z","chicago rap,hip hop,rap,gangster rap,hip hop,pop rap,rap,southern hip hop,trap,virginia hip hop","0.374","0.568","1","-3.825","0","0.109","0.219","0.00219","0.513","0.111","84.733","4","","Roc-A-Fella","C © 2010 UMG Recordings, Inc., P ℗ 2010 UMG Recordings, Inc."
"angelo","spotify:track:20oenBXlmwIfK0F3fQIjhM","Kim","spotify:artist:7dGJo4pcD2V6oG8kP0tJRR","Eminem","spotify:album:6t7956yu5zYf5A829XRiHC","The Marshall Mathers LP","spotify:artist:7dGJo4pcD2V6oG8kP0tJRR","Eminem","2000-05-23","https://i.scdn.co/image/ab67616d0000b273dbb3dd82da45b7d7f31b1b42","1","16","377893","https://p.scdn.co/mp3-preview/27851c0152876ee7058309c675a5290e91ace701?cid=9950ac751e34487dbbe027c4fd7f8e99","true","59","USIR10000592","spotify:user:angelolicini","2022-03-01T07:37:15Z","detroit hip hop,hip hop,rap","0.587","0.923","4","-3.05","0","0.441","0.0216","0","0.481","0.0778","142.075","4","","Interscope","C © 2000 Interscope Records, P ℗ 2000 Aftermath Entertainment/Interscope Records"
"angelo","spotify:track:4KW1lqgSr8TKrvBII0Brf8","Father Stretch My Hands Pt. 1","spotify:artist:5K4W6rqBFWDnAN6FQUkS6x","Kanye West","spotify:album:7gsWAHLeT0w7es6FofOXk1","The Life Of Pablo","spotify:artist:5K4W6rqBFWDnAN6FQUkS6x","Kanye West","2016-06-10","https://i.scdn.co/image/ab67616d0000b2732a7db835b912dc5014bd37f4","1","2","135920","https://p.scdn.co/mp3-preview/92e9e2777d5300825d0f14e8afab4c693c4546bb?cid=9950ac751e34487dbbe027c4fd7f8e99","true","88","USUM71603067","spotify:user:angelolicini","2022-03-11T16:26:04Z","chicago rap,hip hop,rap","0.724","0.573","7","-4.113","1","0.0549","0.118","0","0.538","0.438","113.088","4","","Rock The World/IDJ/Kanye LP7","C © 2016 Getting Out Our Dreams II, LLC, Distributed By Def Jam, A Division of UMG Recordings, Inc.Good Music ™ and associated logo are trademarks of Mascotte Holdings, Inc. All rights reserved., P ℗ 2016 Getting Out Our Dreams II, LLC, Distributed By Def Jam, A Division of UMG Recordings, Inc.Good Music ™ and associated logo are trademarks of Mascotte Holdings, Inc. All rights reserved."
"angelo","spotify:track:0PV1TFUMTBrDETzW6KQulB","93 'Til Infinity","spotify:artist:5Rzqmz1zAszembFHGZQuAt","Souls Of Mischief","spotify:album:7aSjaEi3OQ2aZemcJDhMb1","93 'til Infinity","spotify:artist:5Rzqmz1zAszembFHGZQuAt","Souls Of Mischief","1993-02-13","https://i.scdn.co/image/ab67616d0000b27343969ecfe687484121805478","1","8","286440","https://p.scdn.co/mp3-preview/0e6d57d27a5b2760037afb7c052ca57945933358?cid=9950ac751e34487dbbe027c4fd7f8e99","false","72","USJI10400408","spotify:user:angelolicini","2022-03-16T02:42:34Z","alternative hip hop,hardcore hip hop,hip hop,jazz rap","0.59","0.672","1","-11.792","1","0.412","0.125","0.00000104","0.147","0.688","206.247","4","","Jive","P (P) 1993 Zomba Recording LLC"
"angelo","spotify:track:5ASZFbCod633wLragmPYTj","Renegade","spotify:artist:3nFkdlSjzX9mRTtwJOzDYB, spotify:artist:7dGJo4pcD2V6oG8kP0tJRR","JAY-Z, Eminem","spotify:album:5qENHeCSlwWpEzb25peRmQ","Curtain Call: The Hits (Deluxe Edition)","spotify:artist:7dGJo4pcD2V6oG8kP0tJRR","Eminem","2005-12-06","https://i.scdn.co/image/ab67616d0000b273eab40fc794b88b9d1e012578","2","6","336133","https://p.scdn.co/mp3-preview/223384e5b988a5f3cac4f7d7a682a797b40dad9f?cid=9950ac751e34487dbbe027c4fd7f8e99","true","56","USDJ20110682","spotify:user:angelolicini","2022-03-30T02:00:23Z","east coast hip hop,gangster rap,hip hop,pop rap,rap,detroit hip hop,hip hop,rap","0.764","0.724","1","-4.748","0","0.368","0.441","0.00000127","0.177","0.826","84.797","4","","Aftermath","C © 2005 Aftermath Entertainment/Interscope Records, P This Compilation ℗ 2005 Aftermath Entertainment/Interscope Records"
"angelo","spotify:track:5M6ARntRsBgfp9YINgRHrH","Cold Wind Blows","spotify:artist:7dGJo4pcD2V6oG8kP0tJRR","Eminem","spotify:album:1gUI4keDXbeSil6rwY9qUm","Recovery (Deluxe Edition)","spotify:artist:7dGJo4pcD2V6oG8kP0tJRR","Eminem","2010-06-21","https://i.scdn.co/image/ab67616d0000b2731afee6fb3a4ca2f049dd69b5","1","1","303733","https://p.scdn.co/mp3-preview/4feb22b45c17f1ad93f868a5fb38f9e9867ca558?cid=9950ac751e34487dbbe027c4fd7f8e99","true","46","USUM71015400","spotify:user:angelolicini","2022-04-01T16:57:14Z","detroit hip hop,hip hop,rap","0.619","0.972","11","-0.517","1","0.416","0.13","0","0.782","0.584","169.04","4","","Aftermath","C © 2010 Aftermath Records, P ℗ 2010 Aftermath Records"
"angelo","spotify:track:7KwZNVEaqikRSBSpyhXK2j","Hypnotize - 2014 Remaster","spotify:artist:5me0Irg2ANcsgc93uaYrpb","The Notorious B.I.G.","spotify:album:7dRdaGSxgcBdJnrOviQRuB","Life After Death (2014 Remastered Edition)","spotify:artist:5me0Irg2ANcsgc93uaYrpb","The Notorious B.I.G.","1997-03-04","https://i.scdn.co/image/ab67616d0000b273fde79b88e2a659c394c5ae30","1","3","229826","https://p.scdn.co/mp3-preview/6aa2483fe9ac2dae624a1a88952aa24bb5c2414e?cid=9950ac751e34487dbbe027c4fd7f8e99","true","82","USAT21402725","spotify:user:angelolicini","2022-05-16T23:21:24Z","east coast hip hop,gangster rap,hardcore hip hop,hip hop,rap","0.901","0.697","9","-3.439","1","0.28","0.145","0","0.287","0.67","93.941","4","","Rhino Atlantic","C © 1997 Bad Boy Records, LLC., P ℗ 1997 Bad Boy Records, LLC. Marketed By Rhino Entertainment Company, a Warner Music Group Company. All Rights Reserved."
"angelo","spotify:track:2g8HN35AnVGIk7B8yMucww","Big Poppa - 2005 Remaster","spotify:artist:5me0Irg2ANcsgc93uaYrpb","The Notorious B.I.G.","spotify:album:2HTbQ0RHwukKVXAlTmCZP2","Ready to Die (The Remaster)","spotify:artist:5me0Irg2ANcsgc93uaYrpb","The Notorious B.I.G.","1994-09-13","https://i.scdn.co/image/ab67616d0000b273db09958534ac66f9a90d3cf7","1","13","252746","https://p.scdn.co/mp3-preview/7674508c1c15cb2a27323eba7c6ef99256a58300?cid=9950ac751e34487dbbe027c4fd7f8e99","true","81","USBB40580817","spotify:user:angelolicini","2022-05-16T23:21:33Z","east coast hip hop,gangster rap,hardcore hip hop,hip hop,rap","0.78","0.575","9","-7.247","0","0.273","0.43","0","0.143","0.773","84.492","4","","Bad Boy Records","C © 2004 Bad Boy Records, LLC., P ℗ 2004 Bad Boy Records, LLC."
"angelo","spotify:track:4INDiWSKvqSKDEu7mh8HFz","Mo Money Mo Problems (feat. Puff Daddy & Mase) - 2014 Remaster","spotify:artist:5me0Irg2ANcsgc93uaYrpb, spotify:artist:1wiBLzTI7z9RUwEpNPdFT6, spotify:artist:59wfkuBoNyhDMQGCljbUbA","The Notorious B.I.G., Mase, Diddy","spotify:album:7dRdaGSxgcBdJnrOviQRuB","Life After Death (2014 Remastered Edition)","spotify:artist:5me0Irg2ANcsgc93uaYrpb","The Notorious B.I.G.","1997-03-04","https://i.scdn.co/image/ab67616d0000b273fde79b88e2a659c394c5ae30","1","10","257399","https://p.scdn.co/mp3-preview/4a998f56e8a5a0093d4f29e2d5260ac2a8fee08a?cid=9950ac751e34487dbbe027c4fd7f8e99","true","76","USAT21402732","spotify:user:angelolicini","2022-05-16T23:21:45Z","east coast hip hop,gangster rap,hardcore hip hop,hip hop,rap,contemporary r&b,gangster rap,hardcore hip hop,harlem hip hop,hip hop,hip pop,r&b,southern hip hop,urban contemporary,dance pop,east coast hip hop,hip hop,hip pop,pop rap,rap","0.845","0.884","6","-4.506","0","0.0759","0.0128","0.0000021","0.203","0.904","104.536","4","","Rhino Atlantic","C © 1997 Bad Boy Records, LLC., P ℗ 1997 Bad Boy Records, LLC. Marketed By Rhino Entertainment Company, a Warner Music Group Company. All Rights Reserved."
"angelo","spotify:track:5ByAIlEEnxYdvpnezg7HTX","Juicy - 2005 Remaster","spotify:artist:5me0Irg2ANcsgc93uaYrpb","The Notorious B.I.G.","spotify:album:2HTbQ0RHwukKVXAlTmCZP2","Ready to Die (The Remaster)","spotify:artist:5me0Irg2ANcsgc93uaYrpb","The Notorious B.I.G.","1994-09-13","https://i.scdn.co/image/ab67616d0000b273db09958534ac66f9a90d3cf7","1","10","302760","https://p.scdn.co/mp3-preview/bf2e9935d13f644f3e1386cd3a3f33109f80d3dd?cid=9950ac751e34487dbbe027c4fd7f8e99","true","77","USBB40580814","spotify:user:angelolicini","2022-05-16T23:21:55Z","east coast hip hop,gangster rap,hardcore hip hop,hip hop,rap","0.889","0.818","9","-4.639","1","0.253","0.47","0","0.179","0.782","96.063","4","","Bad Boy Records","C © 2004 Bad Boy Records, LLC., P ℗ 2004 Bad Boy Records, LLC."
"angelo","spotify:track:5s6HRtRA4Z3yHkWtOJZbTA","F 'Em All","spotify:artist:1SAugjIcuwNPKS4urSB7A6","Joe Budden","spotify:album:6qbSxgBa0N3TJegwVXfWEl","F 'Em All","spotify:artist:1SAugjIcuwNPKS4urSB7A6","Joe Budden","2015-06-29","https://i.scdn.co/image/ab67616d0000b2731818a481694bb60c4a0fd19d","1","1","226058","https://p.scdn.co/mp3-preview/9d28309b2207504837ea7c20857762ef19254b5e?cid=9950ac751e34487dbbe027c4fd7f8e99","true","38","USKO11500757","spotify:user:angelolicini","2022-07-15T05:42:24Z","battle rap,new jersey rap","0.569","0.857","7","-6.567","0","0.111","0.0115","0.0000219","0.142","0.105","137.001","4","","eOne Music","C 2015 Entertainment One U.S., LP, P 2015 Entertainment One U.S., LP"
"angelo","spotify:track:7iXF2W9vKmDoGAhlHdpyIa","Forgot About Dre","spotify:artist:6DPYiyq5kWVQS4RGwxzPC7, spotify:artist:7dGJo4pcD2V6oG8kP0tJRR","Dr. Dre, Eminem","spotify:album:7q2B4M5EiBkqrlsNW8lB7N","2001","spotify:artist:6DPYiyq5kWVQS4RGwxzPC7","Dr. Dre","1999-11-16","https://i.scdn.co/image/ab67616d0000b2739b19c107109de740bad72df5","1","10","222293","https://p.scdn.co/mp3-preview/92f3690911559f533db0391d94b1156fe0eafdba?cid=9950ac751e34487dbbe027c4fd7f8e99","true","81","USIR19915077","spotify:user:angelolicini","2022-07-15T06:14:51Z","g funk,gangster rap,hip hop,rap,west coast rap,detroit hip hop,hip hop,rap","0.924","0.74","8","-1.299","1","0.0774","0.0827","0","0.163","0.621","133.974","4","","Aftermath","C © 2008 Aftermath Entertainment/Interscope Records, P ℗ 2008 Aftermath Entertainment/Interscope Records"
"angelo","spotify:track:6ATrsVaZT7XjkCynxM8cTS","Turn My Swag On","spotify:artist:6GMYJwaziB4ekv1Y6wCDWS","Soulja Boy","spotify:album:2zwyBK8ea29FqWuY8IiRJu","iSouljaBoyTellem","spotify:artist:6GMYJwaziB4ekv1Y6wCDWS","Soulja Boy","2008-01-01","https://i.scdn.co/image/ab67616d0000b2736aef62bd0a60aac7df9a9e37","1","3","206333","https://p.scdn.co/mp3-preview/b6279540a584f34c66f8ba207fc31a95d486d36c?cid=9950ac751e34487dbbe027c4fd7f8e99","false","64","USUM70844276","spotify:user:angelolicini","2022-08-27T18:11:07Z","atl hip hop,chicago bop,dance pop,pop rap,rap,southern hip hop,trap","0.546","0.712","3","-3.104","0","0.0269","0.000969","0","0.406","0.489","150.154","4","","Collipark / Interscope","C © 2008 ColliPark Music/Interscope Records, P ℗ 2008 ColliPark Music/Interscope Records"
"angelo","spotify:track:5ItzU5pBrFmRUudfr5RkJP","Swag Surfin'","spotify:artist:0zOuQuYGGcrtDYYy3YFDMr","F.L.Y. (Fast Life Yungstaz)","spotify:album:6mAgb1P4TuigEweUCJqrhp","Jamboree","spotify:artist:0zOuQuYGGcrtDYYy3YFDMr","F.L.Y. (Fast Life Yungstaz)","2009-01-01","https://i.scdn.co/image/ab67616d0000b27357245fdfe84f0ac5f8c10bdc","1","3","249920","https://p.scdn.co/mp3-preview/e3ece96f45f0f6e4449313e9a29e79b9eb25973f?cid=9950ac751e34487dbbe027c4fd7f8e99","false","60","USUM70957053","spotify:user:angelolicini","2022-09-14T16:22:31Z","atl hip hop,futuristic swag","0.731","0.927","11","-5.663","0","0.0408","0.015","0","0.103","0.669","143.987","4","","Music Line Entertainment","C © 2009 The Island Def Jam Music Group, P ℗ 2009 The Island Def Jam Music Group"
"angelo","spotify:track:1bevrs76fdGW3y03R5q6GB","Window Shopper","spotify:artist:3q7HBObVc0L8jNeTe5Gofh","50 Cent","spotify:album:6CZsZhx7G4jMx7qoRSFCrI","Window Shopper","spotify:artist:3q7HBObVc0L8jNeTe5Gofh","50 Cent","2005-11-06","https://i.scdn.co/image/ab67616d0000b27355a195d58266a3fe615804c5","1","1","191813","https://p.scdn.co/mp3-preview/ef171b53d5a120cbe83583489010b204abc1a833?cid=9950ac751e34487dbbe027c4fd7f8e99","true","66","USUM70504267","spotify:user:angelolicini","2022-09-29T04:27:18Z","east coast hip hop,gangster rap,hip hop,pop rap,queens hip hop,rap","0.539","0.672","5","-4.972","0","0.195","0.0626","0","0.388","0.384","174.148","4","","G-Unit Records","C © 2005 UMG Recordings, Inc., P ℗ 2005 UMG Recordings, Inc."
"angelo","spotify:track:4k9EkhkFZY8Bk41Qi0Ob7P","The Choice Is Yours (Revisited)","spotify:artist:0NnCgUxhtWt1yBtpDyvFQf","Black Sheep","spotify:album:4tIQR0m3PPwybQ32P256IO","A Wolf In Sheep's Clothing","spotify:artist:0NnCgUxhtWt1yBtpDyvFQf","Black Sheep","1991-01-01","https://i.scdn.co/image/ab67616d0000b273a19467a0f512538bd5f25d89","1","21","243200","https://p.scdn.co/mp3-preview/cb10cccd0635993999a8623f9f0968ca524a6e7a?cid=9950ac751e34487dbbe027c4fd7f8e99","false","58","USWWW0128427","spotify:user:angelolicini","2022-09-29T05:41:48Z","east coast hip hop,queens hip hop","0.867","0.679","10","-12.028","0","0.207","0.0336","0.00000159","0.0742","0.68","101.293","4","","Island Mercury","C © 1991 The Island Def Jam Music Group, P ℗ 1991 The Island Def Jam Music Group"
"angelo","spotify:track:4mmkhcEm1Ljy1U9nwtsxUo","Through The Wire","spotify:artist:5K4W6rqBFWDnAN6FQUkS6x","Kanye West","spotify:album:4Uv86qWpGTxf7fU7lG5X6F","The College Dropout","spotify:artist:5K4W6rqBFWDnAN6FQUkS6x","Kanye West","2004-02-10","https://i.scdn.co/image/ab67616d0000b27325b055377757b3cdd6f26b78","1","19","221226","https://p.scdn.co/mp3-preview/7594dbfb487ea3c72fa9b8aff94c99c1b6b8f00d?cid=9950ac751e34487dbbe027c4fd7f8e99","true","78","USDJ20400086","spotify:user:angelolicini","2022-10-31T15:02:55Z","chicago rap,hip hop,rap","0.571","0.739","7","-6.11","1","0.247","0.00865","0.00000521","0.158","0.66","83.089","4","","Roc-A-Fella","C © 2004 UMG Recordings, Inc., P ℗ 2004 UMG Recordings, Inc."
"angelo","spotify:track:6BdgtqiV3oXNqBikezwdvC","Over","spotify:artist:3TVXtAsR1Inumwj472S9r4","Drake","spotify:album:6jlrjFR9mJV3jd1IPSplXU","Thank Me Later","spotify:artist:3TVXtAsR1Inumwj472S9r4","Drake","2010-01-01","https://i.scdn.co/image/ab67616d0000b27311b21e8b868800918d21bb77","1","4","233560","https://p.scdn.co/mp3-preview/f304b9d10c2c824f2abb5a8b052df5ee06f0eb0c?cid=9950ac751e34487dbbe027c4fd7f8e99","true","72","USCM51000100","spotify:user:angelolicini","2022-12-08T19:04:41Z","canadian hip hop,canadian pop,hip hop,pop rap,rap","0.35","0.845","7","-5.614","1","0.2","0.0107","0","0.123","0.45","99.643","5","","Aspire Music Group, LLC","C © 2010 Young Money Entertainment/Cash Money Records/Universal Motown, P ℗ 2010 Young Money Entertainment/Cash Money Records/Universal Motown"
"angelo","spotify:track:4cNhx6OO1XpvwT6xZnb83B","Southern Hospitality (Featuring Pharrell)","spotify:artist:3ipn9JLAPI5GUEo4y4jcoi, spotify:artist:2RdwBSPQiwcmiDo9kixcl8","Ludacris, Pharrell Williams","spotify:album:2kT80DHqRtHQzDhQ2RCoIV","Back For The First Time","spotify:artist:3ipn9JLAPI5GUEo4y4jcoi","Ludacris","2000-01-01","https://i.scdn.co/image/ab67616d0000b27384095c1ebcc1f46cb8cf1526","1","14","300933","https://p.scdn.co/mp3-preview/9eb1bf3e3963ada84464ae8a114af67b3a511992?cid=9950ac751e34487dbbe027c4fd7f8e99","true","54","USDJ20010506","spotify:user:angelolicini","2022-12-23T02:44:38Z","atl hip hop,dance pop,dirty south rap,hip hop,old school atlanta hip hop,pop rap,rap,southern hip hop,trap,dance pop,pop","0.623","0.896","0","-4.719","1","0.247","0.035","0","0.0941","0.613","95.158","4","","RAL (Rush Associated Label)","C © 2000 The Island Def Jam Music Group, P ℗ 2000 The Island Def Jam Music Group"
"angelo","spotify:track:1JJ8D0KE144weLOGrjqJrb","Rebel Without A Pause","spotify:artist:6Mo9PoU6svvhgEum7wh2Nd","Public Enemy","spotify:album:3PxXiYU3PjymOEE22PewGZ","It Takes A Nation Of Millions To Hold Us Back (Deluxe Edition)","spotify:artist:6Mo9PoU6svvhgEum7wh2Nd","Public Enemy","1988-06-28","https://i.scdn.co/image/ab67616d0000b273c3cb4969e8a8e9c9d604bf89","1","14","302666","https://p.scdn.co/mp3-preview/4e16a61f7f24d4065449850d0e7cb01b2114b164?cid=9950ac751e34487dbbe027c4fd7f8e99","false","52","USDJ28800026","spotify:user:angelolicini","2023-09-02T17:35:29Z","conscious hip hop,east coast hip hop,golden age hip hop,hardcore hip hop,hip hop,old school hip hop,political hip hop","0.783","0.878","7","-6.481","1","0.32","0.00502","0","0.662","0.634","99.811","4","","Def Jam Recordings","C © 2014 Def Jam Recordings, a division of UMG Recordings, Inc., P ℗ 2014 Def Jam Recordings, a division of UMG Recordings, Inc."
"angelo","spotify:track:7qHAjAL7CpadaZLamuBZRm","Thuggish Ruggish Bone","spotify:artist:5spEJXLwD1sKUdC2bnOHPg","Bone Thugs-N-Harmony","spotify:album:5g2FfZVMvBqRmuHjNsaf3l","Creepin on Ah Come Up","spotify:artist:5spEJXLwD1sKUdC2bnOHPg","Bone Thugs-N-Harmony","1994-06-21","https://i.scdn.co/image/ab67616d0000b2734265ced59f64378b8a1904ad","1","3","281773","https://p.scdn.co/mp3-preview/3e49fa793842eddcac44d9b578818de721b74916?cid=9950ac751e34487dbbe027c4fd7f8e99","true","70","US23S9428103","spotify:user:angelolicini","2023-10-06T17:16:51Z","gangster rap,hip hop,ohio hip hop,rap","0.683","0.74","11","-6.041","0","0.0462","0.00228","0","0.238","0.65","129.515","4","","Ruthless Records","C (C) 1994 Ruthless Records"
